{
  "explained_variance_ratio": [
    0.1440880298614502,
    0.10782460868358612
  ],
  "cumulative_variance": [
    0.1440880298614502,
    0.2519126534461975
  ],
  "n_components": 2
}