{
  "explained_variance_ratio": [
    0.1348048746585846,
    0.10300210863351822
  ],
  "cumulative_variance": [
    0.1348048746585846,
    0.23780697584152222
  ],
  "n_components": 2
}