{
  "overall_accuracy": 0.7017543859649122,
  "top2_accuracy": 0.9473684210526315,
  "macro_precision": 0.6849358974358973,
  "macro_recall": 0.6850175967823027,
  "macro_f1": 0.674178113906467,
  "per_class": {
    "casual_everyday": {
      "precision": 0.6666666666666666,
      "recall": 0.9230769230769231,
      "f1": 0.7741935483870968,
      "support": 13
    },
    "formal_professional": {
      "precision": 0.75,
      "recall": 0.7058823529411765,
      "f1": 0.7272727272727273,
      "support": 17
    },
    "gym_athletic": {
      "precision": 0.9230769230769231,
      "recall": 0.6666666666666666,
      "f1": 0.7741935483870968,
      "support": 18
    },
    "party_social": {
      "precision": 0.4,
      "recall": 0.4444444444444444,
      "f1": 0.42105263157894735,
      "support": 9
    }
  },
  "confusion_matrix": [
    [
      12,
      1,
      0,
      0
    ],
    [
      2,
      12,
      0,
      3
    ],
    [
      1,
      2,
      12,
      3
    ],
    [
      3,
      1,
      1,
      4
    ]
  ]
}